Age at admission,Gender,Initial heart rate,Initial diastolic BP (mmHg),Initial systolic BP (mmHg),BMI,History of cardiovasc disease,Atrial fibrillation,Cardiogenic shock,Congestive heart complications,Complete Heart Block,MI order,MI type,Length of hospital stay,time_to_death
83.0,0,89.0,78.0,152.0,25.54051,1,1,0,0,0,1,0,5.0,-2178.0
49.0,0,84.0,60.0,120.0,24.02398,1,0,0,0,0,0,1,5.0,-2172.0
70.0,1,83.0,88.0,147.0,22.1429,0,0,0,0,0,0,1,5.0,-2190.0
70.0,0,65.0,76.0,123.0,26.63187,1,0,0,1,0,0,1,10.0,297.0
70.0,0,63.0,85.0,135.0,24.41255,1,0,0,0,0,0,1,6.0,-2131.0
70.0,0,76.0,54.0,83.0,23.24236,1,0,0,0,1,0,0,1.0,1.0
57.0,0,73.0,116.0,191.0,39.49046,1,0,0,0,0,0,1,5.0,-2122.0
55.0,0,91.0,95.0,147.0,27.11609,1,0,0,0,0,0,1,4.0,1496.0
88.0,1,63.0,100.0,209.0,27.43554,1,0,0,1,0,0,0,4.0,920.0
54.0,0,104.0,106.0,166.0,25.54448,1,0,0,0,0,0,0,5.0,-2175.0
48.0,0,95.0,110.0,160.0,33.4511,0,0,0,0,0,0,1,5.0,-2173.0
75.0,0,154.0,123.0,193.0,28.6972,1,1,0,1,0,0,1,10.0,1671.0
48.0,0,85.0,80.0,149.0,35.08359,1,0,0,0,0,0,0,7.0,-2192.0
54.0,1,95.0,65.0,150.0,18.56161,1,1,0,1,0,0,0,21.0,865.0
67.0,0,93.0,84.0,138.0,26.31269,0,0,0,0,0,1,0,4.0,-2166.0
61.0,0,63.0,92.0,142.0,24.66175,0,0,0,0,0,1,0,1.0,-2168.0
70.0,1,95.0,53.0,127.0,23.67519,1,0,0,1,0,1,0,13.0,905.0
51.0,1,133.0,134.0,166.0,24.3745,0,0,0,1,0,0,1,14.0,2353.0
56.0,0,105.0,100.0,200.0,25.01782,0,0,0,0,0,0,1,6.0,-2146.0
73.0,0,42.0,79.0,142.0,22.65552,1,0,0,1,1,0,1,17.0,61.0
49.0,1,119.0,77.0,125.0,35.27571,1,0,0,0,0,0,0,5.0,2358.0
82.0,0,97.0,122.0,209.0,25.82748,1,0,0,1,0,0,0,10.0,-2114.0
85.0,1,104.0,82.0,164.0,28.34291,1,0,0,0,0,1,0,8.0,-2132.0
48.0,0,57.0,74.0,117.0,25.08833,0,0,0,0,0,0,1,5.0,-2139.0
69.0,0,74.0,87.0,144.0,30.02138,1,0,0,0,0,0,0,6.0,-2048.0
37.0,0,93.0,95.0,168.0,30.68397,1,0,0,0,0,0,0,2.0,-2152.0
88.0,0,100.0,65.0,121.0,19.04582,0,0,0,1,0,0,0,4.0,6.0
77.0,1,98.0,56.0,168.0,21.14409,1,0,0,0,0,0,0,3.0,-2156.0
86.0,0,58.0,29.0,110.0,20.50654,0,0,0,0,0,1,0,5.0,118.0
84.0,1,82.0,82.0,169.0,29.22863,0,1,0,0,0,0,0,5.0,-2064.0
83.0,0,135.0,54.0,105.0,22.04732,1,1,0,0,0,1,0,11.0,849.0
61.0,1,111.0,80.0,130.0,25.4607,0,0,0,1,0,0,0,5.0,714.0
58.0,1,86.0,103.0,145.0,28.56874,1,0,0,1,0,0,1,6.0,-2057.0
90.0,1,97.0,82.0,127.0,25.58435,1,0,0,0,0,0,1,2.0,2.0
84.0,1,69.0,76.0,140.0,26.74862,1,0,0,1,0,1,0,7.0,7.0
52.0,0,69.0,110.0,184.0,42.76594,1,0,0,0,0,0,1,5.0,-2151.0
92.0,1,70.0,74.0,154.0,13.04546,0,0,0,0,0,0,0,6.0,6.0
88.0,1,100.0,64.0,133.0,33.2621,1,0,0,1,0,1,0,6.0,422.0
74.0,0,128.0,95.0,151.0,22.48625,1,0,0,1,0,1,0,4.0,354.0
65.0,0,68.0,90.0,174.0,27.3199,1,0,0,0,0,0,0,3.0,-2065.0
63.0,0,115.0,140.0,200.0,30.84949,1,0,0,1,0,0,1,47.0,-2048.0
75.0,1,114.0,110.0,180.0,20.19433,0,0,0,0,0,1,0,7.0,1065.0
82.0,1,62.0,64.0,90.0,23.17285,1,0,0,1,0,0,0,10.0,535.0
62.0,0,50.0,50.0,80.0,33.33395,1,0,0,0,0,0,0,5.0,-2118.0
87.0,0,110.0,105.0,179.0,28.43344,1,0,0,0,0,0,0,6.0,97.0
72.0,0,64.0,98.0,210.0,25.82748,1,0,0,0,0,1,0,4.0,-2113.0
75.0,0,106.0,78.0,121.0,21.28707,1,0,0,1,0,0,1,13.0,100.0
48.0,0,113.0,100.0,170.0,24.27659,1,0,0,0,1,0,0,13.0,-2032.0
83.0,1,70.0,79.0,190.0,35.70335,1,0,0,0,0,0,0,3.0,1317.0
52.0,0,69.0,90.0,156.0,28.62989,1,0,0,0,0,0,0,4.0,-2126.0
80.0,0,105.0,72.0,110.0,22.44662,1,0,0,1,0,1,0,6.0,-2126.0
50.0,0,93.0,69.0,115.0,24.63218,0,0,0,0,0,0,0,5.0,-2123.0
80.0,1,42.0,55.0,120.0,24.7177,1,1,0,1,0,1,0,14.0,670.0
83.0,0,107.0,59.0,136.0,26.38699,1,0,0,1,0,0,0,6.0,343.0
87.0,1,118.0,56.0,117.0,18.97072,1,0,1,1,0,0,1,3.0,3.0
80.0,1,74.0,51.0,149.0,22.45955,1,0,0,1,0,0,1,12.0,-2009.0
65.0,1,81.0,84.0,197.0,30.17909,1,0,0,0,0,0,0,9.0,64.0
69.0,0,58.0,58.0,146.0,25.95993,1,0,0,0,0,0,0,5.0,-1994.0
84.0,1,135.0,66.0,111.0,23.56005,1,0,0,0,0,1,0,2.0,1579.0
80.0,0,77.0,76.0,127.0,36.02333,1,0,0,0,0,0,1,6.0,-1993.0
74.0,0,78.0,97.0,159.0,21.82685,0,0,1,0,0,0,0,2.0,2.0
63.0,1,76.0,70.0,118.0,21.25718,1,0,0,1,0,0,1,4.0,-1955.0
80.0,1,92.0,80.0,120.0,26.95145,1,0,0,0,0,0,1,6.0,42.0
86.0,1,98.0,74.0,123.0,26.92577,1,0,0,1,0,0,1,11.0,-1964.0
69.0,0,97.0,72.0,108.0,23.80672,1,1,0,1,0,1,1,4.0,1548.0
85.0,1,64.0,66.0,127.0,21.08004,1,1,1,1,0,0,1,9.0,446.0
76.0,0,73.0,74.0,148.0,35.28657,1,0,0,0,0,1,0,3.0,-1976.0
71.0,0,66.0,76.0,133.0,19.08364,0,0,0,0,0,0,1,4.0,-2009.0
69.0,0,86.0,87.0,128.0,29.53503,1,0,0,0,0,0,1,5.0,-1942.0
52.0,0,112.0,80.0,84.0,26.97537,0,0,1,0,0,0,1,1.0,1.0
76.0,1,112.0,103.0,230.0,18.35824,1,0,0,1,0,1,0,7.0,151.0
46.0,0,60.0,46.0,97.0,22.65552,1,0,0,0,0,1,0,6.0,-2006.0
35.0,0,83.0,99.0,162.0,38.59773,0,0,0,0,0,0,1,6.0,-2086.0
77.0,1,97.0,48.0,98.0,24.87489,0,0,0,0,0,0,0,4.0,-1969.0
84.0,0,92.0,88.0,138.0,20.92089,0,1,0,0,0,0,1,6.0,-1939.0
80.0,0,87.0,62.0,125.0,25.50204,1,1,0,1,0,1,1,17.0,-1939.0
53.0,0,90.0,120.0,190.0,26.60883,1,0,0,0,0,1,0,4.0,-1940.0
74.0,1,47.0,90.0,150.0,19.72534,0,0,0,0,0,0,1,3.0,1576.0
71.0,1,53.0,56.0,123.0,24.3744,0,0,0,0,0,0,0,2.0,-1941.0
86.0,1,100.0,54.0,147.0,24.23672,1,0,0,0,0,1,0,5.0,197.0
73.0,1,83.0,78.0,156.0,22.67395,1,0,0,0,0,0,1,3.0,-1933.0
57.0,1,129.0,65.0,105.0,18.60004,0,1,0,0,0,0,1,14.0,95.0
88.0,0,83.0,70.0,110.0,30.667,1,0,0,0,0,0,0,1.0,2160.0
41.0,0,64.0,60.0,110.0,27.26234,1,0,0,0,0,0,1,1.0,-2084.0
73.0,1,91.0,70.0,160.0,27.34205,1,0,0,0,0,1,0,3.0,-2145.0
73.0,1,72.0,66.0,145.0,27.34205,1,0,0,0,0,1,0,4.0,-2125.0
53.0,0,59.0,76.0,194.0,31.63544,1,0,0,0,0,1,0,5.0,-1920.0
90.0,0,46.0,50.0,102.0,21.92724,1,1,1,1,0,0,0,4.0,4.0
95.0,0,62.0,45.0,116.0,15.92695,1,0,0,0,0,1,0,4.0,1553.0
82.0,1,83.0,70.0,148.0,17.89146,1,0,0,0,0,0,0,7.0,235.0
82.0,0,73.0,109.0,207.0,18.79667,1,1,0,0,0,0,0,2.0,192.0
91.0,0,60.0,49.0,142.0,25.84282,1,0,0,0,0,0,0,3.0,1233.0
81.0,0,149.0,60.0,96.0,28.6972,0,0,0,0,0,0,0,6.0,88.0
73.0,0,38.0,63.0,131.0,28.58549,1,0,0,0,1,1,0,8.0,1954.0
79.0,0,100.0,79.0,148.0,23.72658,0,1,0,0,0,0,1,7.0,903.0
69.0,0,92.0,40.0,104.0,25.95993,1,1,0,0,0,1,0,16.0,612.0
57.0,0,120.0,104.0,180.0,20.65988,0,1,0,0,0,0,0,24.0,-2025.0
89.0,0,62.0,66.0,121.0,18.47149,1,1,1,1,1,0,1,2.0,2.0
74.0,0,157.0,72.0,110.0,20.4852,0,0,0,1,0,0,0,7.0,7.0
60.0,1,84.0,52.0,169.0,20.4684,1,0,0,0,0,0,0,10.0,-1887.0
79.0,0,107.0,111.0,200.0,21.5229,1,0,0,1,0,0,0,2.0,187.0
79.0,1,117.0,100.0,205.0,19.13147,1,0,0,1,0,1,0,5.0,101.0
56.0,1,107.0,107.0,206.0,29.09976,1,1,0,1,0,0,0,9.0,-1885.0
82.0,0,113.0,90.0,160.0,26.88683,1,0,0,0,0,0,0,3.0,936.0
91.0,1,100.0,52.0,143.0,27.61844,0,0,0,0,0,0,1,5.0,363.0
48.0,0,101.0,87.0,132.0,31.58373,0,0,0,0,0,0,1,5.0,1048.0
67.0,0,56.0,53.0,103.0,23.36757,1,0,0,0,0,1,0,4.0,-1977.0
78.0,1,82.0,68.0,156.0,34.17757,1,0,0,0,0,0,0,5.0,-1936.0
69.0,1,88.0,70.0,160.0,20.67426,1,0,0,0,0,0,0,6.0,-1887.0
63.0,0,76.0,60.0,147.0,23.33267,1,0,0,0,0,1,0,12.0,-1889.0
30.0,0,90.0,102.0,175.0,29.85998,0,0,0,0,0,0,1,2.0,-1923.0
87.0,1,105.0,104.0,153.0,14.84283,1,0,0,0,0,1,0,8.0,-2123.0
81.0,1,78.0,72.0,125.0,17.92455,1,0,0,0,0,1,1,11.0,11.0
57.0,0,44.0,79.0,152.0,31.19381,1,0,0,0,0,0,1,5.0,-2100.0
81.0,1,118.0,70.0,120.0,18.90242,1,1,0,1,0,0,0,12.0,-1914.0
46.0,0,114.0,50.0,110.0,26.17568,0,0,0,0,0,0,0,11.0,-1883.0
81.0,0,110.0,80.0,140.0,27.46758,1,0,0,0,0,0,0,6.0,33.0
68.0,1,73.0,64.0,119.0,40.35132,0,0,0,0,0,0,1,9.0,-1931.0
65.0,0,106.0,62.0,127.0,27.36909,1,0,0,0,0,1,0,5.0,1506.0
67.0,1,112.0,50.0,86.0,39.30151,1,0,0,0,0,0,1,7.0,-1858.0
54.0,0,128.0,82.0,106.0,31.99738,0,0,0,0,0,0,0,6.0,6.0
84.0,0,62.0,110.0,234.0,25.4607,1,0,0,0,0,0,1,5.0,-1854.0
55.0,0,74.0,106.0,180.0,20.83088,0,0,0,0,0,0,0,5.0,-1847.0
59.0,0,63.0,94.0,165.0,27.26068,1,0,0,0,0,0,1,5.0,-1858.0
76.0,0,94.0,87.0,137.0,28.95531,1,0,0,0,0,1,0,6.0,187.0
71.0,1,83.0,61.0,170.0,25.19375,1,0,0,0,0,0,1,11.0,46.0
71.0,0,98.0,98.0,164.0,32.32407,0,0,0,0,0,1,1,7.0,-2061.0
59.0,0,70.0,49.0,140.0,27.45762,1,0,0,0,0,1,0,3.0,-1893.0
72.0,1,100.0,71.0,143.0,33.30293,1,0,0,0,0,0,0,4.0,-2108.0
81.0,1,97.0,51.0,144.0,24.02195,1,0,0,0,0,0,0,5.0,83.0
86.0,0,88.0,85.0,156.0,24.78423,0,0,0,0,0,0,0,6.0,33.0
59.0,0,71.0,94.0,174.0,28.03399,0,0,0,0,0,0,1,4.0,1377.0
83.0,0,67.0,80.0,141.0,25.06764,1,0,0,0,0,0,0,4.0,-1863.0
64.0,0,77.0,73.0,124.0,25.7688,0,0,0,0,0,0,0,4.0,-1880.0
87.0,1,118.0,60.0,118.0,25.58435,1,0,0,0,0,0,0,9.0,1359.0
59.0,0,117.0,83.0,125.0,29.29506,1,0,0,1,0,1,0,4.0,-1831.0
80.0,1,83.0,97.0,175.0,28.35006,1,0,0,0,0,1,0,3.0,-1836.0
58.0,0,90.0,67.0,116.0,21.28707,0,0,0,0,0,1,1,8.0,1159.0
73.0,0,83.0,92.0,134.0,25.4607,1,0,0,0,0,0,1,8.0,113.0
76.0,1,69.0,96.0,171.0,20.07066,1,0,0,0,0,1,0,4.0,1217.0
48.0,0,59.0,76.0,125.0,33.00178,0,0,0,0,0,0,1,3.0,-1899.0
53.0,0,84.0,90.0,110.0,24.21079,0,0,0,0,0,0,1,3.0,-1934.0
84.0,0,67.0,88.0,160.0,32.2835,1,0,0,0,0,0,1,5.0,1527.0
54.0,0,100.0,84.0,139.0,34.8451,1,1,0,1,0,0,1,2.0,-1954.0
50.0,1,72.0,94.0,138.0,23.88798,1,1,0,0,0,0,1,4.0,-1979.0
74.0,1,100.0,60.0,94.0,30.46863,1,1,0,1,0,1,0,22.0,1232.0
68.0,0,74.0,70.0,102.0,25.17922,1,0,1,0,0,0,0,6.0,-2066.0
74.0,0,86.0,72.0,148.0,30.13206,1,0,0,0,0,1,0,4.0,1624.0
68.0,0,150.0,93.0,138.0,31.63788,0,0,0,1,0,1,1,18.0,530.0
85.0,1,95.0,88.0,141.0,27.58664,1,0,0,0,0,1,0,4.0,1096.0
74.0,0,85.0,76.0,121.0,20.67452,1,0,0,1,0,0,0,5.0,345.0
63.0,1,71.0,108.0,216.0,25.06101,1,0,0,0,0,0,0,3.0,-1919.0
32.0,1,102.0,83.0,130.0,39.93835,1,0,0,0,0,1,0,3.0,1577.0
39.0,0,52.0,100.0,150.0,25.08833,1,0,0,1,0,0,1,1.0,-1883.0
73.0,0,64.0,56.0,86.0,24.21079,1,0,0,0,0,0,0,2.0,-1904.0
57.0,0,100.0,87.0,119.0,29.19369,1,1,0,0,0,0,0,4.0,-2083.0
76.0,1,100.0,110.0,200.0,27.45762,1,0,0,1,0,0,0,1.0,146.0
67.0,1,86.0,91.0,132.0,30.4101,1,1,1,1,1,0,1,7.0,2350.0
83.0,1,80.0,70.0,146.0,25.97231,1,0,0,0,0,0,0,9.0,1926.0
74.0,1,82.0,85.0,104.0,24.50908,1,0,1,0,0,0,1,16.0,-2114.0
75.0,0,107.0,71.0,96.0,24.40797,1,0,0,1,0,1,0,6.0,718.0
56.0,1,66.0,118.0,228.0,36.96024,1,0,0,0,0,1,0,7.0,-1451.0
84.0,1,104.0,71.0,128.0,15.72971,0,1,0,0,0,0,0,27.0,358.0
86.0,1,93.0,62.0,107.0,19.85515,1,1,0,0,0,0,0,8.0,465.0
52.0,0,46.0,65.0,85.0,26.58153,0,0,1,1,0,0,1,18.0,-1381.0
70.0,1,68.0,56.0,131.0,41.00206,1,0,0,1,0,0,0,11.0,11.0
49.0,1,115.0,87.0,139.0,33.28196,1,0,0,0,0,0,0,5.0,-1385.0
59.0,1,69.0,105.0,217.0,25.82484,0,0,0,0,0,0,0,4.0,-1346.0
70.0,1,97.0,86.0,148.0,31.88578,1,0,0,0,0,0,1,3.0,-1338.0
88.0,1,90.0,90.0,156.0,21.78861,0,0,0,0,1,0,1,3.0,137.0
65.0,0,42.0,90.0,130.0,26.95468,0,1,0,0,0,0,1,7.0,-1449.0
79.0,0,69.0,70.0,136.0,25.82484,1,0,0,0,0,1,0,4.0,17.0
72.0,1,83.0,72.0,146.0,23.73719,1,0,0,1,0,1,0,3.0,1536.0
72.0,1,89.0,78.0,135.0,28.56874,1,0,0,0,0,1,0,10.0,1627.0
79.0,0,87.0,50.0,82.0,24.63218,1,0,1,1,0,1,0,10.0,10.0
62.0,0,108.0,50.0,99.0,22.44662,1,0,0,0,0,0,0,1.0,1.0
90.0,1,119.0,75.0,134.0,25.58435,1,0,0,1,0,0,1,1.0,1.0
91.0,0,101.0,61.0,129.0,27.1248,1,0,0,1,0,0,0,6.0,313.0
75.0,1,88.0,90.0,200.0,35.96007,1,0,0,0,0,0,0,5.0,1200.0
79.0,0,75.0,84.0,165.0,33.82198,1,1,0,0,0,0,0,5.0,-1384.0
79.0,0,104.0,45.0,131.0,24.0311,1,0,0,1,0,1,0,5.0,166.0
52.0,1,78.0,25.0,117.0,34.93459,1,0,0,0,0,0,0,2.0,-1420.0
54.0,0,112.0,60.0,118.0,28.88959,1,0,0,1,0,1,0,4.0,562.0
85.0,1,76.0,68.0,150.0,27.45762,1,0,0,0,0,1,0,7.0,-1302.0
53.0,0,70.0,55.0,128.0,26.6884,0,0,0,0,0,0,1,3.0,-1253.0
64.0,0,68.0,72.0,139.0,28.05828,1,0,0,0,0,1,1,4.0,-1438.0
48.0,0,76.0,105.0,168.0,26.15268,1,0,0,0,0,1,0,3.0,-1400.0
80.0,0,60.0,80.0,150.0,22.59674,0,1,0,0,0,1,0,4.0,-1329.0
80.0,1,64.0,82.0,189.0,19.65076,1,0,0,0,0,0,1,8.0,-1325.0
65.0,1,59.0,68.0,143.0,23.70721,1,0,0,0,0,1,1,3.0,-1257.0
70.0,0,63.0,116.0,221.0,25.80243,1,1,0,0,0,1,1,12.0,-1319.0
69.0,1,45.0,82.0,130.0,24.21079,0,0,0,0,1,0,1,4.0,-1256.0
56.0,0,74.0,81.0,144.0,20.08382,1,0,0,0,0,1,0,6.0,-1298.0
43.0,0,47.0,90.0,136.0,24.21079,1,0,0,1,0,1,1,4.0,18.0
54.0,0,115.0,60.0,124.0,21.96609,0,0,0,1,0,0,1,16.0,-1408.0
80.0,1,89.0,68.0,166.0,28.62249,1,0,0,0,0,1,0,5.0,-1333.0
73.0,0,64.0,50.0,76.0,26.60883,1,0,0,0,0,0,1,3.0,-1378.0
33.0,0,54.0,102.0,172.0,20.92089,1,0,0,0,0,0,1,3.0,-1353.0
81.0,0,150.0,104.0,170.0,21.95112,1,0,0,0,0,0,0,2.0,654.0
45.0,0,110.0,70.0,130.0,37.06646,1,0,0,0,0,0,1,3.0,-1262.0
68.0,0,85.0,90.0,150.0,34.97161,0,0,0,1,0,0,1,9.0,-1314.0
52.0,0,90.0,80.0,134.0,32.32407,1,0,0,1,0,0,0,8.0,-1280.0
80.0,0,58.0,84.0,188.0,23.10125,1,0,0,0,0,0,0,1.0,-1308.0
50.0,0,76.0,92.0,122.0,29.85998,1,0,0,0,0,1,1,5.0,-1433.0
56.0,0,64.0,90.0,130.0,25.82484,1,0,0,0,0,0,0,4.0,-1430.0
85.0,0,54.0,52.0,158.0,27.1786,1,1,1,1,0,0,0,7.0,7.0
89.0,0,104.0,66.0,101.0,26.28618,1,1,0,1,0,1,0,1.0,1.0
69.0,0,57.0,83.0,186.0,28.64898,0,0,0,0,0,0,1,6.0,-1272.0
73.0,1,86.0,58.0,149.0,25.13029,1,0,0,1,0,1,0,10.0,-1277.0
83.0,0,90.0,44.0,105.0,28.16715,0,0,0,1,0,0,0,6.0,108.0
76.0,1,150.0,79.0,124.0,24.10565,1,0,0,0,0,0,0,2.0,2.0
64.0,0,76.0,97.0,179.0,28.19217,1,0,0,1,0,0,1,4.0,-1409.0
47.0,0,101.0,99.0,144.0,38.78883,0,0,0,0,0,0,1,2.0,-1454.0
93.0,0,63.0,29.0,101.0,25.50204,1,0,0,1,0,0,0,6.0,109.0
88.0,1,105.0,48.0,134.0,25.6065,1,0,0,1,0,1,0,4.0,-1363.0
77.0,1,73.0,84.0,161.0,23.42975,1,0,0,0,0,1,0,6.0,-1374.0
62.0,0,67.0,81.0,161.0,26.79198,1,0,0,0,0,0,1,5.0,-1365.0
89.0,0,130.0,62.0,104.0,19.52617,1,1,0,1,0,0,0,4.0,6.0
89.0,1,116.0,68.0,130.0,22.86295,1,0,0,1,0,0,0,3.0,200.0
72.0,0,83.0,78.0,135.0,27.40905,0,0,0,0,0,0,1,5.0,-1336.0
84.0,0,71.0,74.0,134.0,27.97729,1,0,0,0,0,1,0,3.0,-1317.0
90.0,1,100.0,80.0,144.0,21.76553,1,1,0,1,0,0,0,4.0,134.0
81.0,1,131.0,71.0,136.0,24.74646,1,1,0,1,0,0,0,3.0,57.0
73.0,1,87.0,54.0,112.0,19.72534,0,1,0,1,0,0,0,6.0,1165.0
91.0,0,76.0,62.0,133.0,24.21079,1,0,0,0,0,1,0,5.0,140.0
68.0,0,126.0,95.0,169.0,30.7142,1,1,0,1,0,1,1,2.0,20.0
58.0,0,89.0,11.0,177.0,34.43664,1,0,0,0,0,0,1,5.0,7.0
71.0,0,72.0,64.0,160.0,39.1918,1,1,0,1,0,0,0,22.0,-1190.0
82.0,0,66.0,40.0,96.0,23.88798,1,0,0,1,0,0,0,3.0,140.0
84.0,0,89.0,100.0,182.0,25.84315,1,1,0,1,0,1,0,4.0,1054.0
37.0,0,64.0,131.0,176.0,30.13206,0,0,0,0,0,0,1,2.0,-1108.0
61.0,0,45.0,80.0,130.0,25.80243,0,0,0,0,0,0,0,3.0,-1106.0
58.0,0,63.0,82.0,122.0,23.48035,1,1,0,0,0,0,1,3.0,-1106.0
69.0,0,88.0,84.0,130.0,32.28435,1,0,0,1,0,0,1,12.0,259.0
92.0,0,72.0,75.0,114.0,27.4389,0,1,0,0,0,0,1,1.0,1.0
75.0,0,64.0,76.0,153.0,26.78256,1,0,0,0,0,1,1,5.0,-1125.0
81.0,1,52.0,27.0,63.0,35.96007,1,0,1,0,0,1,1,8.0,-1162.0
50.0,0,76.0,110.0,172.0,28.88848,1,0,0,0,0,0,1,9.0,-1140.0
78.0,1,108.0,102.0,212.0,30.23193,1,0,0,1,0,0,0,4.0,-1157.0
90.0,0,60.0,99.0,163.0,22.80757,0,0,0,0,0,0,1,5.0,-1231.0
85.0,0,124.0,72.0,135.0,22.39711,1,0,0,0,0,0,0,25.0,953.0
78.0,0,97.0,97.0,159.0,26.98943,1,0,0,0,0,0,1,10.0,-1248.0
78.0,0,80.0,79.0,124.0,27.7223,1,0,0,1,0,1,0,4.0,-1235.0
66.0,0,70.0,93.0,145.0,23.40377,1,0,0,0,0,0,1,19.0,-1290.0
97.0,1,69.0,55.0,198.0,19.33474,1,0,0,1,0,0,0,3.0,1152.0
89.0,1,89.0,76.0,125.0,14.83911,0,0,0,1,0,1,0,5.0,19.0
76.0,1,99.0,91.0,156.0,32.72025,1,0,0,0,0,0,0,19.0,-1251.0
79.0,0,79.0,51.0,111.0,26.38699,0,0,0,0,0,1,0,4.0,1136.0
80.0,0,91.0,98.0,164.0,27.76293,1,0,0,0,0,1,0,7.0,-1182.0
75.0,1,87.0,70.0,124.0,14.59031,0,0,0,0,0,0,0,2.0,2.0
102.0,0,89.0,60.0,118.0,22.27393,0,0,0,1,0,0,0,3.0,169.0
76.0,1,81.0,77.0,189.0,29.40577,1,0,0,1,0,0,0,12.0,704.0
73.0,0,116.0,66.0,125.0,19.05009,1,0,0,1,0,1,0,5.0,143.0
77.0,1,80.0,76.0,196.0,15.30492,1,0,0,0,0,0,0,2.0,2.0
72.0,0,73.0,82.0,142.0,25.49755,1,0,0,0,0,0,1,2.0,-1232.0
53.0,1,96.0,99.0,170.0,44.83886,1,0,0,0,0,1,0,4.0,479.0
46.0,0,82.0,59.0,112.0,23.62803,1,0,0,0,0,1,0,4.0,-1211.0
55.0,0,70.0,90.0,140.0,25.10478,1,0,0,0,0,0,1,5.0,-1232.0
70.0,0,72.0,84.0,127.0,29.23968,1,0,0,1,0,0,1,5.0,-1223.0
55.0,1,54.0,61.0,169.0,34.48526,1,0,0,0,0,0,0,13.0,-1191.0
87.0,1,103.0,74.0,136.0,24.96147,1,0,0,1,0,0,0,11.0,11.0
83.0,1,77.0,56.0,161.0,20.83092,1,0,0,1,0,1,0,10.0,10.0
85.0,1,73.0,70.0,160.0,31.75539,1,0,0,0,0,1,0,5.0,-1117.0
83.0,1,56.0,51.0,121.0,19.65076,0,0,0,0,0,1,0,5.0,1174.0
46.0,0,58.0,53.0,94.0,26.4998,0,0,0,1,0,0,1,4.0,-1123.0
88.0,1,98.0,63.0,177.0,17.68003,1,0,0,0,0,1,0,3.0,385.0
60.0,0,76.0,80.0,159.0,20.82128,1,0,0,0,0,0,0,2.0,-1109.0
68.0,0,104.0,80.0,148.0,28.40733,1,0,0,0,0,0,0,2.0,-1098.0
68.0,0,92.0,50.0,80.0,24.21079,0,1,0,0,0,0,1,5.0,-1114.0
90.0,0,95.0,63.0,128.0,17.21832,1,1,0,0,0,1,0,4.0,64.0
77.0,0,104.0,77.0,128.0,21.76927,0,0,0,0,0,0,0,5.0,-1151.0
76.0,0,100.0,60.0,174.0,36.18801,1,0,0,1,0,1,0,11.0,91.0
76.0,0,120.0,81.0,125.0,28.12326,1,1,0,0,0,0,0,10.0,614.0
63.0,1,94.0,127.0,213.0,40.7875,1,0,0,1,0,0,0,3.0,-1140.0
89.0,1,98.0,81.0,163.0,22.26424,1,0,0,1,0,0,0,2.0,542.0
76.0,1,58.0,60.0,117.0,25.44908,1,0,0,0,0,0,0,4.0,-1199.0
52.0,0,74.0,127.0,192.0,30.27341,1,0,0,0,0,0,1,4.0,-1248.0
65.0,0,62.0,91.0,129.0,29.41463,0,0,0,0,0,0,1,3.0,-1163.0
57.0,1,76.0,59.0,192.0,21.8135,1,0,0,1,0,1,0,8.0,321.0
71.0,1,80.0,84.0,118.0,23.43605,0,0,0,0,0,0,1,8.0,-1187.0
64.0,0,94.0,107.0,198.0,28.19217,1,0,0,0,0,0,1,4.0,-1207.0
87.0,0,106.0,69.0,166.0,19.35421,1,0,0,1,0,1,0,5.0,295.0
57.0,0,93.0,70.0,130.0,25.82748,1,0,0,0,0,0,0,4.0,-1273.0
46.0,0,94.0,104.0,160.0,32.57132,0,0,0,1,0,0,0,3.0,-1189.0
66.0,0,114.0,111.0,158.0,33.00178,1,0,0,1,0,0,1,6.0,-1234.0
88.0,0,140.0,30.0,75.0,21.28707,0,0,0,0,0,1,0,8.0,52.0
39.0,0,78.0,88.0,132.0,28.24651,0,0,0,0,0,0,1,3.0,-1203.0
90.0,0,58.0,51.0,133.0,27.25264,1,1,0,1,0,1,0,3.0,129.0
62.0,0,88.0,100.0,190.0,23.26372,1,0,0,0,0,1,0,1.0,297.0
63.0,0,54.0,92.0,139.0,28.12934,1,0,0,0,0,0,1,9.0,-1458.0
81.0,0,76.0,84.0,174.0,20.83088,1,0,0,0,0,0,1,16.0,117.0
86.0,0,80.0,33.0,105.0,24.00954,0,0,0,1,0,1,0,6.0,312.0
83.0,1,68.0,45.0,110.0,22.91955,1,0,0,0,0,0,0,5.0,-1244.0
48.0,1,65.0,97.0,156.0,23.41166,1,0,0,0,0,0,0,9.0,-1160.0
83.0,1,94.0,39.0,100.0,22.77751,0,1,0,1,0,0,0,9.0,287.0
73.0,1,142.0,77.0,111.0,24.46224,1,1,0,1,0,1,0,3.0,1377.0
85.0,1,68.0,70.0,120.0,29.18062,1,0,0,0,0,0,0,4.0,-1320.0
54.0,1,83.0,89.0,166.0,30.106,1,0,0,0,0,1,0,2.0,-1245.0
93.0,0,61.0,71.0,172.0,22.55374,1,0,0,1,0,1,0,4.0,497.0
75.0,1,56.0,56.0,209.0,21.25718,1,0,0,0,0,1,0,2.0,289.0
61.0,0,76.0,66.0,145.0,31.47403,1,0,0,0,0,1,0,3.0,-1150.0
36.0,0,98.0,70.0,132.0,31.64232,1,0,0,0,0,1,0,2.0,-1266.0
36.0,0,98.0,20.0,132.0,31.64232,0,0,0,0,0,1,0,1.0,-1266.0
58.0,1,73.0,80.0,154.0,30.23193,0,0,0,0,0,1,0,4.0,-1265.0
57.0,1,81.0,110.0,200.0,38.10646,1,0,0,0,0,0,0,12.0,-1126.0
82.0,0,92.0,79.0,141.0,23.71988,1,0,0,1,0,1,1,4.0,26.0
68.0,1,114.0,107.0,137.0,35.67057,1,1,0,1,0,1,0,5.0,132.0
83.0,1,117.0,65.0,173.0,26.88683,0,0,0,1,0,0,0,3.0,552.0
59.0,0,72.0,88.0,140.0,28.62989,0,0,0,0,0,0,0,4.0,-1444.0
90.0,1,84.0,50.0,90.0,18.89496,0,1,0,1,0,0,0,12.0,14.0
64.0,1,93.0,81.0,129.0,26.79328,0,0,0,0,0,0,0,4.0,-1454.0
59.0,0,45.0,117.0,167.0,40.75002,1,0,0,0,0,0,0,6.0,-1123.0
71.0,1,82.0,93.0,202.0,34.01093,1,0,0,0,0,0,0,5.0,-1279.0
58.0,0,68.0,100.0,150.0,24.96656,0,0,0,0,0,0,1,2.0,-1366.0
48.0,0,78.0,100.0,170.0,26.08138,0,0,0,0,0,1,0,1.0,-1196.0
80.0,1,84.0,90.0,170.0,19.33474,1,0,0,1,0,0,0,3.0,135.0
58.0,0,108.0,83.0,122.0,31.05819,1,0,0,0,0,1,0,2.0,-1114.0
81.0,1,36.0,56.0,114.0,28.28139,1,0,1,1,0,0,1,18.0,37.0
44.0,0,75.0,60.0,114.0,31.9306,0,0,0,0,0,0,1,3.0,-1390.0
68.0,1,103.0,51.0,113.0,18.29036,1,0,0,1,0,1,0,7.0,32.0
71.0,1,80.0,84.0,118.0,23.43605,0,0,0,0,0,0,1,4.0,-1187.0
90.0,1,96.0,80.0,118.0,24.56345,0,0,0,0,0,1,1,5.0,-1224.0
81.0,0,48.0,62.0,99.0,24.54718,1,0,0,0,0,0,1,4.0,-1121.0
86.0,1,84.0,70.0,120.0,15.54681,1,1,0,0,0,0,0,8.0,19.0
61.0,0,88.0,84.0,130.0,28.41023,0,0,0,0,0,1,1,6.0,-1456.0
85.0,1,97.0,104.0,198.0,21.94843,1,0,0,0,0,1,0,9.0,-1332.0
66.0,1,160.0,95.0,156.0,31.24806,1,1,0,1,0,0,0,6.0,-1174.0
80.0,1,75.0,100.0,200.0,27.43554,1,0,0,0,0,1,0,3.0,-1274.0
77.0,0,92.0,50.0,86.0,20.9875,1,0,0,0,0,0,0,6.0,382.0
81.0,1,60.0,68.0,128.0,17.18289,0,0,0,0,0,0,1,6.0,-1295.0
47.0,0,62.0,93.0,128.0,28.12934,1,0,0,0,0,1,1,5.0,-1102.0
74.0,0,60.0,70.0,140.0,36.76362,1,0,0,0,0,1,0,3.0,-1169.0
67.0,0,66.0,100.0,160.0,34.55598,1,0,0,1,0,1,0,6.0,-1136.0
45.0,0,68.0,102.0,155.0,37.6576,0,0,0,0,0,0,1,4.0,-1105.0
56.0,1,80.0,80.0,130.0,25.94995,0,1,0,0,0,0,1,8.0,-1320.0
72.0,0,66.0,67.0,180.0,26.63187,1,1,0,0,0,0,0,12.0,1279.0
63.0,0,100.0,80.0,140.0,25.9419,1,0,0,0,0,0,0,7.0,-1178.0
85.0,1,120.0,100.0,192.0,17.57704,1,0,0,0,0,1,0,8.0,-1170.0
79.0,0,68.0,150.0,210.0,24.85641,1,1,0,1,0,1,0,13.0,-1336.0
86.0,1,107.0,89.0,126.0,20.4684,1,0,1,0,0,1,0,22.0,22.0
79.0,1,99.0,90.0,100.0,27.81148,1,0,0,0,0,0,0,5.0,-1103.0
59.0,0,109.0,100.0,140.0,26.54491,1,0,0,0,0,0,0,4.0,-1107.0
66.0,0,74.0,85.0,166.0,34.96276,1,0,0,0,0,1,1,11.0,-1347.0
84.0,1,123.0,115.0,204.0,24.44576,1,0,0,1,0,1,0,5.0,632.0
43.0,1,75.0,48.0,99.0,31.61786,1,0,0,0,0,0,0,5.0,-1161.0
61.0,0,56.0,50.0,100.0,24.44576,1,0,0,0,0,0,0,8.0,-1388.0
76.0,1,107.0,34.0,83.0,24.0311,1,0,0,1,0,1,0,6.0,6.0
53.0,0,115.0,51.0,127.0,31.64232,0,0,0,1,0,1,0,1.0,32.0
57.0,0,80.0,81.0,161.0,24.96147,1,0,0,0,0,0,0,2.0,-573.0
69.0,0,65.0,89.0,156.0,30.96292,1,0,0,0,0,1,0,1.0,-550.0
76.0,0,114.0,84.0,169.0,33.4511,0,1,0,0,0,0,0,10.0,-570.0
88.0,1,97.0,56.0,92.0,23.43605,1,1,0,1,0,0,0,16.0,16.0
76.0,0,85.0,53.0,80.0,23.80672,1,0,1,1,0,1,0,5.0,5.0
78.0,1,57.0,57.0,107.0,22.46532,1,1,0,1,1,0,1,9.0,-578.0
95.0,0,80.0,62.0,111.0,27.98863,1,0,0,1,0,1,1,1.0,1.0
50.0,0,56.0,60.0,100.0,28.79666,1,0,0,0,0,1,0,4.0,-550.0
68.0,0,59.0,92.0,146.0,28.88818,1,0,0,1,0,0,1,4.0,-589.0
57.0,1,58.0,85.0,155.0,25.84282,1,1,0,0,0,0,0,7.0,-542.0
65.0,1,144.0,105.0,202.0,16.99342,1,0,0,1,0,1,0,8.0,226.0
78.0,0,88.0,85.0,116.0,24.40771,0,1,0,0,0,0,0,13.0,81.0
81.0,1,96.0,72.0,160.0,29.18062,1,0,0,0,0,1,0,5.0,-550.0
51.0,0,86.0,28.0,202.0,40.03658,1,0,0,0,0,0,1,7.0,-529.0
72.0,0,148.0,64.0,93.0,29.38736,1,1,0,0,0,0,0,2.0,-523.0
41.0,1,92.0,73.0,122.0,20.08804,1,0,0,0,0,0,1,10.0,-522.0
68.0,0,85.0,109.0,182.0,36.71647,1,0,0,0,0,0,0,13.0,-510.0
82.0,1,80.0,72.0,147.0,21.63993,1,1,0,0,0,0,0,6.0,-524.0
58.0,0,55.0,102.0,158.0,32.77606,1,0,0,0,0,0,0,9.0,-480.0
50.0,0,63.0,90.0,158.0,35.26257,1,0,0,0,0,0,1,4.0,-459.0
85.0,0,137.0,134.0,244.0,27.29121,1,1,1,1,0,0,0,16.0,419.0
50.0,0,89.0,99.0,139.0,24.90308,1,0,0,0,0,0,1,6.0,-433.0
62.0,0,74.0,91.0,149.0,35.15407,0,0,0,0,0,0,1,4.0,-445.0
40.0,0,95.0,62.0,113.0,36.58072,0,0,0,0,0,0,0,3.0,-516.0
85.0,1,115.0,63.0,103.0,21.96576,1,0,0,1,0,0,0,5.0,34.0
58.0,0,79.0,74.0,115.0,27.19716,0,1,0,0,0,0,0,4.0,-412.0
44.0,0,66.0,48.0,89.0,21.3055,0,0,0,0,0,0,0,3.0,-398.0
67.0,1,50.0,85.0,130.0,24.56345,1,0,0,0,0,0,1,5.0,-397.0
66.0,0,84.0,87.0,130.0,25.54448,1,0,0,0,0,1,0,8.0,-403.0
60.0,1,114.0,86.0,166.0,27.34205,1,0,0,0,0,0,0,8.0,-386.0
40.0,0,84.0,127.0,211.0,38.35497,1,0,0,0,0,0,0,2.0,-376.0
65.0,1,85.0,89.0,164.0,28.87434,1,0,0,0,0,0,0,2.0,-373.0
84.0,1,113.0,58.0,115.0,32.11709,1,0,0,1,0,1,0,4.0,-371.0
84.0,1,130.0,70.0,140.0,26.76088,0,0,0,1,0,0,0,3.0,-659.0
73.0,0,102.0,96.0,160.0,32.48853,0,0,0,0,0,0,0,11.0,233.0
82.0,1,60.0,80.0,217.0,16.87915,1,0,0,0,0,0,0,9.0,-631.0
81.0,0,110.0,59.0,118.0,25.82484,1,0,0,0,0,1,0,3.0,60.0
75.0,1,89.0,102.0,182.0,15.5886,0,0,0,0,0,0,0,3.0,537.0
65.0,0,92.0,62.0,149.0,30.22827,1,0,0,1,0,1,1,3.0,473.0
75.0,0,80.0,60.0,118.0,25.34063,1,0,0,0,0,0,0,15.0,-675.0
104.0,1,92.0,53.0,126.0,23.82665,0,0,0,1,0,0,0,3.0,646.0
87.0,1,120.0,70.0,140.0,27.34205,1,0,0,1,0,0,0,4.0,-589.0
75.0,1,71.0,76.0,137.0,21.00559,1,0,0,0,0,1,0,7.0,-606.0
59.0,1,104.0,98.0,146.0,31.74353,1,0,0,1,0,0,1,10.0,274.0
82.0,0,68.0,75.0,196.0,19.61451,0,0,0,0,0,0,0,4.0,169.0
59.0,0,78.0,60.0,139.0,26.63187,1,0,0,0,0,0,1,3.0,-568.0
72.0,1,104.0,100.0,200.0,31.55458,1,1,0,1,0,0,0,16.0,673.0
82.0,0,67.0,64.0,120.0,23.92337,1,0,0,0,0,0,0,10.0,559.0
84.0,1,100.0,50.0,85.0,23.24075,1,0,0,0,0,0,0,12.0,93.0
70.0,0,89.0,38.0,57.0,22.43533,1,0,0,0,0,1,0,4.0,55.0
42.0,0,55.0,69.0,101.0,33.75237,0,0,0,0,0,1,1,5.0,-544.0
71.0,1,128.0,120.0,240.0,31.63866,1,0,0,1,0,1,0,3.0,649.0
65.0,0,61.0,80.0,150.0,24.07105,0,0,0,0,0,0,0,5.0,-507.0
87.0,1,127.0,45.0,104.0,23.04545,1,0,0,1,0,1,0,5.0,-521.0
88.0,0,92.0,74.0,170.0,21.28774,1,1,0,0,0,1,0,3.0,406.0
66.0,0,110.0,80.0,136.0,29.99814,0,0,0,0,0,0,0,6.0,-587.0
53.0,0,67.0,6.0,176.0,31.45634,1,0,0,0,0,1,0,5.0,-532.0
66.0,1,91.0,58.0,130.0,22.46532,1,0,0,1,0,1,0,8.0,53.0
48.0,0,53.0,93.0,145.0,31.38134,0,0,0,0,0,0,0,4.0,-466.0
59.0,0,130.0,86.0,160.0,29.53045,0,0,0,0,0,0,1,5.0,-442.0
47.0,1,83.0,88.0,198.0,34.4571,1,0,0,0,0,0,0,2.0,145.0
88.0,1,74.0,43.0,153.0,18.36663,1,0,0,0,0,1,0,5.0,33.0
65.0,1,80.0,80.0,164.0,39.65132,1,0,0,0,0,1,0,9.0,-451.0
68.0,1,108.0,80.0,150.0,27.20874,1,0,0,0,0,0,0,3.0,-497.0
62.0,0,80.0,96.0,130.0,25.84315,1,1,1,0,0,0,1,17.0,17.0
82.0,1,87.0,90.0,150.0,23.41166,1,1,0,0,0,0,0,4.0,-506.0
66.0,0,125.0,98.0,127.0,27.39631,0,0,0,0,0,0,1,11.0,-521.0
80.0,0,64.0,198.0,220.0,28.55371,1,1,0,0,0,0,0,9.0,116.0
86.0,0,108.0,72.0,151.0,28.34291,1,0,0,0,0,1,0,6.0,62.0
81.0,0,84.0,80.0,162.0,27.21937,1,0,0,0,0,0,0,5.0,269.0
87.0,1,88.0,74.0,128.0,24.0311,1,1,0,0,0,1,0,11.0,11.0
74.0,1,66.0,83.0,184.0,26.3342,1,0,0,0,0,1,0,3.0,-516.0
58.0,1,110.0,103.0,204.0,32.2835,1,0,0,0,0,1,0,15.0,-478.0
85.0,1,116.0,80.0,120.0,16.09312,0,1,0,1,0,1,0,5.0,49.0
46.0,0,60.0,72.0,140.0,24.2485,1,0,0,0,0,1,0,4.0,-486.0
73.0,0,104.0,85.0,142.0,25.2263,1,0,0,0,0,1,0,5.0,76.0
87.0,1,69.0,86.0,175.0,19.20488,1,0,0,0,0,1,0,1.0,1.0
61.0,0,85.0,98.0,173.0,30.84949,1,0,0,0,0,0,0,7.0,-511.0
46.0,0,92.0,94.0,150.0,25.25354,1,0,0,0,0,0,0,5.0,-458.0
48.0,0,64.0,100.0,140.0,30.24444,0,0,0,0,0,0,0,9.0,-440.0
65.0,0,62.0,96.0,174.0,28.12934,1,0,0,0,0,0,0,5.0,-452.0
62.0,0,138.0,102.0,162.0,26.43421,1,0,0,1,0,0,0,6.0,18.0
85.0,0,55.0,91.0,201.0,26.1385,1,0,0,0,0,0,0,8.0,18.0
81.0,0,128.0,58.0,178.0,22.62141,0,0,0,0,0,0,0,5.0,5.0
89.0,0,90.0,54.0,140.0,18.60707,1,0,0,1,1,1,0,3.0,20.0
75.0,1,106.0,76.0,168.0,37.88828,1,0,0,0,0,0,0,4.0,392.0
72.0,0,60.0,74.0,165.0,27.26234,1,0,0,1,0,0,0,9.0,69.0
55.0,1,65.0,54.0,130.0,22.67433,1,0,0,1,0,1,0,2.0,2.0
72.0,1,120.0,72.0,146.0,28.32237,0,0,1,1,0,0,1,22.0,22.0
32.0,0,90.0,83.0,132.0,30.55383,1,0,0,0,0,0,0,2.0,-426.0
58.0,1,68.0,91.0,158.0,29.7584,1,0,0,0,0,0,0,9.0,-449.0
87.0,1,109.0,80.0,135.0,25.44908,1,0,1,1,0,1,0,7.0,7.0
63.0,0,82.0,65.0,110.0,24.43321,1,0,0,0,0,0,0,4.0,-403.0
84.0,1,64.0,74.0,152.0,25.31924,1,0,0,1,0,0,1,4.0,-371.0
46.0,0,97.0,83.0,149.0,25.54051,0,0,0,0,0,0,0,1.0,-368.0
46.0,0,80.0,62.0,115.0,31.13646,0,0,0,0,0,0,1,6.0,-411.0
49.0,0,60.0,100.0,180.0,27.05769,0,0,0,0,0,0,1,4.0,-390.0
80.0,1,78.0,71.0,137.0,27.9106,1,0,0,1,0,0,0,12.0,359.0
83.0,0,100.0,138.0,175.0,25.49755,1,0,0,0,0,0,0,5.0,-408.0
64.0,0,91.0,94.0,164.0,22.15127,0,1,1,0,0,0,0,5.0,-407.0
52.0,0,79.0,85.0,153.0,38.69089,0,0,0,0,0,0,1,3.0,-422.0
80.0,0,99.0,84.0,179.0,22.88965,1,0,0,0,0,1,0,5.0,-376.0
82.0,1,91.0,61.0,135.0,18.60004,1,0,0,1,0,0,1,9.0,359.0
85.0,1,96.0,100.0,190.0,21.39972,1,0,0,1,0,1,0,9.0,57.0
65.0,1,144.0,90.0,140.0,23.02862,1,1,0,1,0,1,0,16.0,328.0
59.0,1,88.0,65.0,96.0,25.12788,1,0,0,1,0,0,0,14.0,-412.0
84.0,0,116.0,72.0,148.0,25.29429,1,0,0,1,0,1,0,3.0,3.0
59.0,1,36.0,36.0,146.0,27.46412,1,0,0,0,0,1,0,4.0,-458.0
61.0,0,105.0,65.0,106.0,26.62594,0,0,0,0,0,0,1,4.0,-418.0
83.0,1,60.0,69.0,164.0,19.05323,1,1,0,1,0,1,0,15.0,-445.0
72.0,0,100.0,100.0,160.0,29.70193,1,1,0,0,0,1,0,5.0,-459.0
75.0,0,72.0,72.0,96.0,27.83628,1,1,1,1,0,0,1,2.0,2.0
63.0,1,121.0,86.0,103.0,27.80742,1,0,0,0,0,0,0,10.0,-424.0
45.0,0,77.0,98.0,162.0,34.14385,1,0,0,0,0,0,0,3.0,-416.0
92.0,1,104.0,60.0,140.0,22.59674,0,0,0,1,0,1,0,3.0,3.0
47.0,0,74.0,110.0,178.0,26.95468,0,0,0,0,0,0,1,4.0,-427.0
56.0,1,98.0,84.0,156.0,28.31856,1,0,0,0,0,0,0,4.0,-445.0
82.0,0,139.0,106.0,151.0,25.39243,1,0,0,0,0,1,0,5.0,-421.0
74.0,1,58.0,60.0,148.0,34.75168,1,0,0,0,0,0,0,4.0,4.0
73.0,0,92.0,102.0,197.0,28.45241,1,0,0,1,0,1,0,6.0,-399.0
55.0,0,85.0,62.0,140.0,24.9571,1,0,0,0,0,1,0,31.0,-519.0
67.0,0,120.0,90.0,168.0,22.09684,1,0,0,1,0,1,0,8.0,-609.0
58.0,0,70.0,77.0,155.0,27.05769,0,0,0,0,0,1,0,6.0,-446.0
72.0,0,186.0,84.0,132.0,25.40431,1,0,0,0,0,1,0,5.0,-626.0
59.0,0,69.0,76.0,129.0,21.82685,0,0,0,0,0,0,0,4.0,-445.0
90.0,1,114.0,59.0,127.0,23.41166,1,1,0,1,0,0,1,7.0,19.0
82.0,0,35.0,58.0,143.0,27.92796,1,0,0,1,1,0,0,5.0,-450.0
66.0,1,88.0,72.0,148.0,33.28196,1,0,0,1,0,0,0,9.0,-400.0
73.0,0,121.0,57.0,111.0,21.28469,0,0,0,0,0,0,0,4.0,-458.0
85.0,1,146.0,74.0,142.0,25.69714,1,0,0,1,0,1,0,0.0,-535.0
93.0,1,88.0,80.0,136.0,22.85147,1,0,0,0,0,0,0,7.0,442.0
71.0,0,70.0,68.0,112.0,39.99462,1,0,0,0,0,0,0,2.0,405.0
46.0,0,92.0,78.0,124.0,26.1385,1,0,0,0,0,0,0,0.0,-457.0
51.0,0,56.0,96.0,136.0,37.90281,1,0,0,0,0,0,0,2.0,-437.0
82.0,1,88.0,70.0,134.0,17.63944,1,0,0,0,0,0,1,4.0,-551.0
52.0,0,95.0,100.0,130.0,31.45634,1,0,0,0,0,0,1,0.0,-371.0
77.0,0,106.0,98.0,164.0,30.56876,1,0,0,0,0,1,0,3.0,467.0
79.0,0,80.0,80.0,110.0,19.20723,1,0,0,0,0,1,0,6.0,644.0
51.0,0,63.0,64.0,117.0,25.67865,1,0,0,0,0,0,0,1.0,-386.0
53.0,0,76.0,89.0,152.0,36.58893,1,0,0,0,0,0,1,2.0,-554.0
45.0,0,64.0,110.0,140.0,31.32463,1,0,0,0,0,0,0,2.0,-573.0
64.0,0,72.0,82.0,159.0,26.36032,0,0,0,0,0,0,0,3.0,-475.0
76.0,0,118.0,100.0,170.0,25.84858,1,0,0,1,0,0,0,5.0,397.0
93.0,0,116.0,21.0,198.0,23.02361,1,0,0,1,0,0,0,4.0,14.0
93.0,0,110.0,60.0,158.0,23.72658,1,0,0,1,0,1,0,5.0,7.0
83.0,0,92.0,88.0,160.0,42.38277,1,0,0,1,0,1,0,5.0,69.0
92.0,1,92.0,114.0,216.0,24.7524,1,0,0,1,0,1,0,3.0,31.0
76.0,1,68.0,88.0,112.0,27.96454,1,1,0,0,0,0,1,1.0,10.0
76.0,1,88.0,96.0,208.0,24.26862,1,0,0,0,0,0,0,3.0,-662.0
57.0,1,123.0,74.0,120.0,42.13576,1,1,0,0,0,0,0,3.0,-725.0
67.0,0,59.0,62.0,112.0,27.40905,1,0,0,0,0,0,1,1.0,-532.0
98.0,0,99.0,100.0,160.0,19.48575,1,0,0,0,0,0,1,3.0,259.0
